origin_trip_id,dest_trip_id,deadhead_time_min,depot,adhoc_edge,planned_driver_edge,idle_min,delay_proportion,edge_cost
1,sink,17.950000000000003,TRUE,FALSE,TRUE,0,0,5.983333333333334
2,sink,4.85,TRUE,FALSE,TRUE,0,0,1.6166666666666665
3,sink,5.800000000000001,TRUE,FALSE,TRUE,0,0,1.9333333333333336
4,sink,6.1,TRUE,FALSE,TRUE,0,0,2.033333333333333
5,sink,4.85,TRUE,FALSE,TRUE,0,0,1.6166666666666665
6,sink,12.95,TRUE,FALSE,TRUE,0,0,4.316666666666666
7,sink,12.6,TRUE,FALSE,TRUE,0,0,4.199999999999999
8,sink,12.95,TRUE,FALSE,TRUE,0,0,4.316666666666666
9,sink,12.55,TRUE,FALSE,TRUE,0,0,4.183333333333334
10,sink,13.15,TRUE,FALSE,TRUE,0,0,4.383333333333333
11,sink,13.4,TRUE,FALSE,TRUE,0,0,4.466666666666667
12,sink,13.4,TRUE,FALSE,TRUE,0,0,4.466666666666667
13,sink,4.85,TRUE,FALSE,TRUE,0,0,1.6166666666666665
14,sink,8.7,TRUE,FALSE,TRUE,0,0,2.8999999999999995
15,sink,16,TRUE,FALSE,TRUE,0,0,5.333333333333333
16,sink,4.85,TRUE,FALSE,TRUE,0,0,1.6166666666666665
17,sink,12.55,TRUE,FALSE,TRUE,0,0,4.183333333333334
18,sink,15.9,TRUE,FALSE,TRUE,0,0,5.3
19,sink,8.7,TRUE,FALSE,TRUE,0,0,2.8999999999999995
20,sink,9.6,TRUE,FALSE,TRUE,0,0,3.1999999999999997
21,sink,16.5,TRUE,FALSE,TRUE,0,0,5.5
22,sink,9.8,TRUE,FALSE,TRUE,0,0,3.2666666666666666
23,sink,13.4,TRUE,FALSE,TRUE,0,0,4.466666666666667
24,sink,16.5,TRUE,FALSE,TRUE,0,0,5.5
25,sink,13.55,TRUE,FALSE,TRUE,0,0,4.516666666666667
26,sink,9.8,TRUE,FALSE,TRUE,0,0,3.2666666666666666
27,sink,12.55,TRUE,FALSE,TRUE,0,0,4.183333333333334
28,sink,7.6,TRUE,FALSE,TRUE,0,0,2.533333333333333
29,sink,13.4,TRUE,FALSE,TRUE,0,0,4.466666666666667
30,sink,10.2,TRUE,FALSE,TRUE,0,0,3.3999999999999995
src,1,6.199999999999999,TRUE,FALSE,TRUE,0,0,2.0666666666666664
src,2,8.6,TRUE,FALSE,TRUE,0,0,2.8666666666666663
src,3,12.65,TRUE,FALSE,TRUE,0,0,4.216666666666667
src,4,7.4,TRUE,FALSE,TRUE,0,0,2.466666666666667
src,5,4.75,TRUE,FALSE,TRUE,0,0,1.5833333333333333
src,6,7.4,TRUE,FALSE,TRUE,0,0,2.466666666666667
src,7,5.550000000000001,TRUE,FALSE,TRUE,0,0,1.85
src,8,12.65,TRUE,FALSE,TRUE,0,0,4.216666666666667
src,9,16.5,TRUE,FALSE,TRUE,0,0,5.5
src,10,18.3,TRUE,FALSE,TRUE,0,0,6.1
src,11,19.8,TRUE,FALSE,TRUE,0,0,6.6
src,12,6,TRUE,FALSE,TRUE,0,0,2
src,13,18.75,TRUE,FALSE,TRUE,0,0,6.25
src,14,12.7,TRUE,FALSE,TRUE,0,0,4.2333333333333325
src,15,12.65,TRUE,FALSE,TRUE,0,0,4.216666666666667
src,16,5,TRUE,FALSE,TRUE,0,0,1.6666666666666665
src,17,16.5,TRUE,FALSE,TRUE,0,0,5.5
src,18,9.4,TRUE,FALSE,TRUE,0,0,3.1333333333333333
src,19,7.5,TRUE,FALSE,TRUE,0,0,2.5
src,20,12.65,TRUE,FALSE,TRUE,0,0,4.216666666666667
src,21,14.9,TRUE,FALSE,TRUE,0,0,4.966666666666667
src,22,10.6,TRUE,FALSE,TRUE,0,0,3.533333333333333
src,23,13.5,TRUE,FALSE,TRUE,0,0,4.5
src,24,12.65,TRUE,FALSE,TRUE,0,0,4.216666666666667
src,25,12.1,TRUE,FALSE,TRUE,0,0,4.033333333333333
src,26,10.6,TRUE,FALSE,TRUE,0,0,3.533333333333333
src,27,12.65,TRUE,FALSE,TRUE,0,0,4.216666666666667
src,28,7.6,TRUE,FALSE,TRUE,0,0,2.533333333333333
src,29,5.699999999999999,TRUE,FALSE,TRUE,0,0,1.8999999999999997
src,30,18.25,TRUE,FALSE,TRUE,0,0,6.083333333333333
2,1,6.1,FALSE,FALSE,FALSE,0,1,102.03333333333333
3,1,5.9,FALSE,FALSE,FALSE,0,1,101.96666666666667
4,1,6.2,FALSE,FALSE,FALSE,0,1,102.06666666666666
5,1,6.1,FALSE,FALSE,FALSE,0,1,102.03333333333333
6,1,16,FALSE,FALSE,FALSE,0,1,105.33333333333333
7,1,13.2,FALSE,FALSE,FALSE,0,1,104.4
8,1,16,FALSE,FALSE,FALSE,0,1,105.33333333333333
9,1,14.7,FALSE,FALSE,FALSE,0,1,104.9
10,1,13.7,FALSE,FALSE,FALSE,0,1,104.56666666666666
11,1,16,FALSE,FALSE,FALSE,0,1,105.33333333333333
12,1,16,FALSE,FALSE,FALSE,0,1,105.33333333333333
13,1,6.1,FALSE,FALSE,FALSE,0,1,102.03333333333333
14,1,11.7,FALSE,FALSE,FALSE,0,1,103.9
15,1,19,FALSE,FALSE,FALSE,0,1,106.33333333333333
16,1,6.3,FALSE,FALSE,FALSE,0,1,102.1
17,1,14.7,FALSE,FALSE,FALSE,0,1,104.9
18,1,18.9,FALSE,FALSE,FALSE,0,1,106.3
19,1,11.7,FALSE,FALSE,FALSE,0,1,103.9
20,1,10.7,FALSE,FALSE,FALSE,0,1,103.56666666666666
21,1,16.6,FALSE,FALSE,FALSE,0,1,105.53333333333333
22,1,9.9,FALSE,FALSE,FALSE,0,1,103.3
23,1,16,FALSE,FALSE,FALSE,0,1,105.33333333333333
24,1,16.6,FALSE,FALSE,FALSE,0,1,105.53333333333333
25,1,14.6,FALSE,FALSE,FALSE,0,1,104.86666666666666
26,1,9.9,FALSE,FALSE,FALSE,0,1,103.3
27,1,14.7,FALSE,FALSE,FALSE,0,1,104.9
28,1,10.6,FALSE,FALSE,FALSE,0,1,103.53333333333333
29,1,16,FALSE,FALSE,FALSE,0,1,105.33333333333333
30,1,10.3,FALSE,FALSE,FALSE,0,1,103.43333333333334
1,2,16.7,FALSE,TRUE,TRUE,0,0.28999999999999965,34.566666666666634
3,2,4.4,FALSE,FALSE,FALSE,0,1,101.46666666666667
4,2,3.6,FALSE,FALSE,FALSE,0,1,101.2
5,2,8.5,FALSE,FALSE,FALSE,0,1,102.83333333333333
6,2,13.7,FALSE,FALSE,FALSE,0,1,104.56666666666666
7,2,5.9,FALSE,FALSE,FALSE,0,1,101.96666666666667
8,2,13.7,FALSE,FALSE,FALSE,0,1,104.56666666666666
9,2,7.5,FALSE,FALSE,FALSE,0,1,102.5
10,2,6.4,FALSE,FALSE,FALSE,0,1,102.13333333333334
11,2,8.7,FALSE,FALSE,FALSE,0,1,102.9
12,2,8.7,FALSE,FALSE,FALSE,0,1,102.9
13,2,8.5,FALSE,FALSE,FALSE,0,1,102.83333333333333
14,2,11.6,FALSE,FALSE,FALSE,0,1,103.86666666666666
15,2,12.1,FALSE,FALSE,FALSE,0,1,104.03333333333333
16,2,8.7,FALSE,FALSE,FALSE,0,1,102.9
17,2,7.5,FALSE,FALSE,FALSE,0,1,102.5
18,2,13.2,FALSE,FALSE,FALSE,0,1,104.4
19,2,11.6,FALSE,FALSE,FALSE,0,1,103.86666666666666
20,2,3.4,FALSE,FALSE,FALSE,0,1,101.13333333333334
21,2,10.2,FALSE,FALSE,FALSE,0,1,103.4
22,2,3.6,FALSE,FALSE,FALSE,0,1,101.2
23,2,8.7,FALSE,FALSE,FALSE,0,1,102.9
24,2,10.2,FALSE,FALSE,FALSE,0,1,103.4
25,2,7.7,FALSE,FALSE,FALSE,0,1,102.56666666666666
26,2,3.6,FALSE,FALSE,FALSE,0,1,101.2
27,2,7.5,FALSE,FALSE,FALSE,0,1,102.5
28,2,12.9,FALSE,FALSE,FALSE,0,1,104.3
29,2,8.7,FALSE,FALSE,FALSE,0,1,102.9
30,2,3.9,FALSE,FALSE,FALSE,0,1,101.3
1,3,11,FALSE,TRUE,TRUE,482,0,164.33333333333331
2,3,12.8,FALSE,TRUE,TRUE,464.2,0,159
4,3,10.2,FALSE,TRUE,TRUE,101.8,0,37.33333333333333
5,3,12.8,FALSE,TRUE,TRUE,383.2,0,132
6,3,8,FALSE,TRUE,TRUE,418,0,142
7,3,3.9,FALSE,TRUE,TRUE,347.1,0,117
8,3,8,FALSE,TRUE,TRUE,429,0,145.66666666666666
9,3,4,FALSE,TRUE,TRUE,233,0,79
10,3,4.5,FALSE,TRUE,TRUE,374.5,0,126.33333333333333
11,3,0,FALSE,TRUE,TRUE,101,0,33.666666666666664
12,3,0,FALSE,TRUE,TRUE,209,0,69.66666666666666
13,3,12.8,FALSE,FALSE,FALSE,0,1,104.26666666666667
14,3,7.7,FALSE,TRUE,TRUE,142.3,0,50
15,3,4.6,FALSE,FALSE,FALSE,0,1,101.53333333333333
16,3,12.5,FALSE,TRUE,TRUE,417.5,0,143.33333333333331
17,3,4,FALSE,TRUE,TRUE,0,0,1.3333333333333333
18,3,7.5,FALSE,TRUE,FALSE,0,0.55,57.50000000000001
19,3,7.7,FALSE,TRUE,TRUE,257.3,0,88.33333333333333
20,3,7.2,FALSE,TRUE,TRUE,317.8,0,108.33333333333333
21,3,15.7,FALSE,TRUE,TRUE,365.3,0,127
22,3,9.1,FALSE,TRUE,TRUE,361.9,0,123.66666666666666
23,3,0,FALSE,FALSE,FALSE,0,1,100
24,3,15.7,FALSE,TRUE,TRUE,3.1500000000000004,0,6.283333333333333
25,3,9.1,FALSE,TRUE,TRUE,0,0.13666666666666744,16.700000000000077
26,3,9.1,FALSE,TRUE,TRUE,142.9,0,50.666666666666664
27,3,4,FALSE,TRUE,TRUE,391,0,131.66666666666666
28,3,10.5,FALSE,TRUE,TRUE,272.5,0,94.33333333333333
29,3,0,FALSE,TRUE,TRUE,463,0,154.33333333333331
30,3,9.4,FALSE,TRUE,TRUE,0,0.17999999999999924,21.13333333333326
1,4,19.7,FALSE,TRUE,TRUE,336.3,0,118.66666666666666
2,4,7.5,FALSE,TRUE,TRUE,332.5,0,113.33333333333333
3,4,10,FALSE,FALSE,FALSE,0,1,103.33333333333333
5,4,7.5,FALSE,TRUE,TRUE,251.5,0,86.33333333333333
6,4,14.7,FALSE,TRUE,TRUE,274.3,0,96.33333333333333
7,4,13.4,FALSE,TRUE,TRUE,200.6,0,71.33333333333333
8,4,14.7,FALSE,TRUE,TRUE,285.3,0,100
9,4,13.3,FALSE,TRUE,TRUE,86.7,0,33.33333333333333
10,4,14.1,FALSE,TRUE,TRUE,227.9,0,80.66666666666666
11,4,14.1,FALSE,FALSE,FALSE,0,1,104.7
12,4,14.1,FALSE,TRUE,TRUE,57.9,0,24
13,4,7.5,FALSE,FALSE,FALSE,0,1,102.5
14,4,10.4,FALSE,TRUE,TRUE,8.8,0,6.4
15,4,17.5,FALSE,FALSE,FALSE,0,1,105.83333333333333
16,4,7.3,FALSE,TRUE,TRUE,285.7,0,97.66666666666666
17,4,13.3,FALSE,FALSE,FALSE,0,1,104.43333333333334
18,4,17.6,FALSE,FALSE,FALSE,0,1,105.86666666666667
19,4,10.4,FALSE,TRUE,TRUE,117.6,0,42.666666666666664
20,4,13.2,FALSE,TRUE,TRUE,174.8,0,62.666666666666664
21,4,20.7,FALSE,TRUE,TRUE,223.3,0,81.33333333333333
22,4,13.9,FALSE,TRUE,TRUE,220.1,0,78
23,4,14.1,FALSE,FALSE,FALSE,0,1,104.7
24,4,20.7,FALSE,FALSE,FALSE,0,1,106.9
25,4,17.1,FALSE,FALSE,FALSE,0,1,105.7
26,4,13.9,FALSE,TRUE,TRUE,8.05,0,7.316666666666667
27,4,13.3,FALSE,TRUE,TRUE,244.7,0,86
28,4,2.9,FALSE,TRUE,TRUE,143.1,0,48.666666666666664
29,4,14.1,FALSE,TRUE,TRUE,311.9,0,108.66666666666666
30,4,14.3,FALSE,FALSE,FALSE,0,1,104.76666666666667
1,5,17.8,FALSE,TRUE,TRUE,60.2,0,26
2,5,4.5,FALSE,TRUE,TRUE,57.5,0,20.666666666666664
3,5,5.9,FALSE,FALSE,FALSE,0,1,101.96666666666667
4,5,6.2,FALSE,FALSE,FALSE,0,1,102.06666666666666
6,5,12.8,FALSE,TRUE,TRUE,6.6,0,6.466666666666666
7,5,12.4,FALSE,FALSE,FALSE,0,1,104.13333333333333
8,5,12.8,FALSE,TRUE,TRUE,12.1,0,8.299999999999999
9,5,12.4,FALSE,FALSE,FALSE,0,1,104.13333333333333
10,5,12.8,FALSE,FALSE,FALSE,0,1,104.26666666666667
11,5,13.3,FALSE,FALSE,FALSE,0,1,104.43333333333334
12,5,13.3,FALSE,FALSE,FALSE,0,1,104.43333333333334
13,5,4.5,FALSE,FALSE,FALSE,0,1,101.5
14,5,8.6,FALSE,FALSE,FALSE,0,1,102.86666666666666
15,5,15.9,FALSE,FALSE,FALSE,0,1,105.3
16,5,0,FALSE,TRUE,TRUE,15,0,5
17,5,12.4,FALSE,FALSE,FALSE,0,1,104.13333333333333
18,5,15.8,FALSE,FALSE,FALSE,0,1,105.26666666666667
19,5,8.6,FALSE,FALSE,FALSE,0,1,102.86666666666666
20,5,9.2,FALSE,FALSE,FALSE,0,1,103.06666666666666
21,5,16.6,FALSE,TRUE,FALSE,0,1,105.53333333333333
22,5,9.9,FALSE,FALSE,FALSE,0,1,103.3
23,5,13.3,FALSE,FALSE,FALSE,0,1,104.43333333333334
24,5,16.6,FALSE,FALSE,FALSE,0,1,105.53333333333333
25,5,13.2,FALSE,FALSE,FALSE,0,1,104.4
26,5,9.9,FALSE,FALSE,FALSE,0,1,103.3
27,5,12.4,FALSE,FALSE,FALSE,0,0.5799999999999993,62.13333333333326
28,5,7.5,FALSE,FALSE,FALSE,0,1,102.5
29,5,13.3,FALSE,TRUE,TRUE,34.7,0,16
30,5,10.3,FALSE,FALSE,FALSE,0,1,103.43333333333334
1,6,18.4,FALSE,TRUE,TRUE,18.6,0,12.333333333333332
2,6,7.3,FALSE,TRUE,TRUE,14.35,0,7.216666666666666
3,6,3.2,FALSE,FALSE,FALSE,0,1,101.06666666666666
4,6,2.4,FALSE,FALSE,FALSE,0,1,100.8
5,6,7.3,FALSE,FALSE,FALSE,0,1,102.43333333333334
7,6,7.6,FALSE,FALSE,FALSE,0,1,102.53333333333333
8,6,15.2,FALSE,TRUE,FALSE,0,0.6399999999999996,69.06666666666662
9,6,9.2,FALSE,FALSE,FALSE,0,1,103.06666666666666
10,6,8.1,FALSE,FALSE,FALSE,0,1,102.7
11,6,10.5,FALSE,FALSE,FALSE,0,1,103.5
12,6,10.5,FALSE,FALSE,FALSE,0,1,103.5
13,6,7.3,FALSE,FALSE,FALSE,0,1,102.43333333333334
14,6,11.9,FALSE,FALSE,FALSE,0,1,103.96666666666667
15,6,13.8,FALSE,FALSE,FALSE,0,1,104.6
16,6,7.5,FALSE,FALSE,FALSE,0,0.6166666666666667,64.16666666666667
17,6,9.2,FALSE,FALSE,FALSE,0,1,103.06666666666666
18,6,14.9,FALSE,FALSE,FALSE,0,1,104.96666666666667
19,6,11.9,FALSE,FALSE,FALSE,0,1,103.96666666666667
20,6,5.1,FALSE,FALSE,FALSE,0,1,101.7
21,6,10.1,FALSE,FALSE,FALSE,0,1,103.36666666666666
22,6,3.6,FALSE,FALSE,FALSE,0,1,101.2
23,6,10.5,FALSE,FALSE,FALSE,0,1,103.5
24,6,10.1,FALSE,FALSE,FALSE,0,1,103.36666666666666
25,6,8,FALSE,FALSE,FALSE,0,1,102.66666666666667
26,6,3.6,FALSE,FALSE,FALSE,0,1,101.2
27,6,9.2,FALSE,FALSE,FALSE,0,1,103.06666666666666
28,6,11.8,FALSE,FALSE,FALSE,0,1,103.93333333333334
29,6,10.5,FALSE,TRUE,TRUE,5.75,0,5.416666666666666
30,6,3.8,FALSE,FALSE,FALSE,0,1,101.26666666666667
1,7,19.1,FALSE,TRUE,TRUE,93.9,0,37.666666666666664
2,7,6.7,FALSE,TRUE,TRUE,90.3,0,32.33333333333333
3,7,8.6,FALSE,FALSE,FALSE,0,1,102.86666666666666
4,7,8.8,FALSE,FALSE,FALSE,0,1,102.93333333333334
5,7,6.7,FALSE,TRUE,TRUE,12.15,0,6.283333333333333
6,7,14.1,FALSE,TRUE,TRUE,31.9,0,15.333333333333332
8,7,14.1,FALSE,TRUE,TRUE,42.9,0,19
9,7,13.7,FALSE,FALSE,FALSE,0,1,104.56666666666666
10,7,14.5,FALSE,TRUE,TRUE,0,0.016666666666666666,6.5
11,7,14.5,FALSE,FALSE,FALSE,0,1,104.83333333333333
12,7,14.5,FALSE,FALSE,FALSE,0,1,104.83333333333333
13,7,6.7,FALSE,FALSE,FALSE,0,1,102.23333333333333
14,7,9.8,FALSE,FALSE,FALSE,0,1,103.26666666666667
15,7,17.2,FALSE,FALSE,FALSE,0,1,105.73333333333333
16,7,4.4,FALSE,TRUE,TRUE,45.6,0,16.666666666666664
17,7,13.7,FALSE,FALSE,FALSE,0,1,104.56666666666666
18,7,17.1,FALSE,FALSE,FALSE,0,1,105.7
19,7,9.8,FALSE,FALSE,FALSE,0,1,103.26666666666667
20,7,11.9,FALSE,FALSE,FALSE,0,1,103.96666666666667
21,7,19.3,FALSE,TRUE,TRUE,0,0.10999999999999849,17.43333333333318
22,7,12.5,FALSE,TRUE,TRUE,0,0.21666666666666667,25.833333333333336
23,7,14.5,FALSE,FALSE,FALSE,0,1,104.83333333333333
24,7,19.3,FALSE,FALSE,FALSE,0,1,106.43333333333334
25,7,15.8,FALSE,FALSE,FALSE,0,1,105.26666666666667
26,7,12.5,FALSE,FALSE,FALSE,0,1,104.16666666666667
27,7,13.7,FALSE,TRUE,TRUE,8.15,0,7.283333333333333
28,7,7.9,FALSE,FALSE,FALSE,0,1,102.63333333333334
29,7,14.5,FALSE,TRUE,TRUE,68.5,0,27.666666666666664
30,7,13,FALSE,FALSE,FALSE,0,1,104.33333333333333
1,8,11,FALSE,TRUE,TRUE,22,0,11
2,8,12.8,FALSE,TRUE,TRUE,9.6,0,7.466666666666666
3,8,11,FALSE,FALSE,FALSE,0,1,103.66666666666667
4,8,10.2,FALSE,FALSE,FALSE,0,1,103.4
5,8,12.8,FALSE,FALSE,FALSE,0,1,104.26666666666667
6,8,8,FALSE,FALSE,FALSE,0,0.9,92.66666666666667
7,8,3.9,FALSE,FALSE,FALSE,0,1,101.3
9,8,4,FALSE,FALSE,FALSE,0,1,101.33333333333333
10,8,4.5,FALSE,FALSE,FALSE,0,1,101.5
11,8,0,FALSE,FALSE,FALSE,0,1,100
12,8,0,FALSE,FALSE,FALSE,0,1,100
13,8,12.8,FALSE,FALSE,FALSE,0,1,104.26666666666667
14,8,7.7,FALSE,FALSE,FALSE,0,1,102.56666666666666
15,8,4.6,FALSE,FALSE,FALSE,0,1,101.53333333333333
16,8,12.5,FALSE,FALSE,FALSE,0,0.9166666666666666,95.83333333333333
17,8,4,FALSE,FALSE,FALSE,0,1,101.33333333333333
18,8,7.5,FALSE,FALSE,FALSE,0,1,102.5
19,8,7.7,FALSE,FALSE,FALSE,0,1,102.56666666666666
20,8,7.2,FALSE,FALSE,FALSE,0,1,102.4
21,8,15.7,FALSE,FALSE,FALSE,0,1,105.23333333333333
22,8,9.1,FALSE,FALSE,FALSE,0,1,103.03333333333333
23,8,0,FALSE,FALSE,FALSE,0,1,100
24,8,15.7,FALSE,FALSE,FALSE,0,1,105.23333333333333
25,8,9.1,FALSE,FALSE,FALSE,0,1,103.03333333333333
26,8,9.1,FALSE,FALSE,FALSE,0,1,103.03333333333333
27,8,4,FALSE,FALSE,FALSE,0,1,101.33333333333333
28,8,10.5,FALSE,FALSE,FALSE,0,1,103.5
29,8,0,FALSE,TRUE,TRUE,9,0,3
30,8,9.4,FALSE,FALSE,FALSE,0,1,103.13333333333334
1,9,24.3,FALSE,TRUE,TRUE,201.7,0,75.33333333333333
2,9,16.4,FALSE,TRUE,TRUE,193.6,0,70
3,9,12.3,FALSE,FALSE,FALSE,0,1,104.1
4,9,11.5,FALSE,FALSE,FALSE,0,1,103.83333333333333
5,9,16.4,FALSE,TRUE,TRUE,112.6,0,43
6,9,21.2,FALSE,TRUE,TRUE,137.8,0,53
7,9,13.5,FALSE,TRUE,TRUE,70.5,0,28
8,9,21.2,FALSE,TRUE,TRUE,148.8,0,56.666666666666664
10,9,14,FALSE,TRUE,TRUE,98,0,37.33333333333333
11,9,16.3,FALSE,FALSE,FALSE,0,1,105.43333333333334
12,9,16.3,FALSE,FALSE,FALSE,0,1,105.43333333333334
13,9,16.4,FALSE,FALSE,FALSE,0,1,105.46666666666667
14,9,19.2,FALSE,FALSE,FALSE,0,1,106.4
15,9,19.7,FALSE,FALSE,FALSE,0,1,106.56666666666666
16,9,16.6,FALSE,TRUE,TRUE,146.4,0,54.33333333333333
17,9,15,FALSE,FALSE,FALSE,0,1,105
18,9,20.7,FALSE,FALSE,FALSE,0,1,106.9
19,9,19.2,FALSE,TRUE,TRUE,0,0.2066666666666682,27.06666666666682
20,9,10.6,FALSE,TRUE,TRUE,47.4,0,19.333333333333332
21,9,0,FALSE,TRUE,TRUE,114,0,38
22,9,8.1,FALSE,TRUE,TRUE,95.9,0,34.666666666666664
23,9,16.3,FALSE,FALSE,FALSE,0,1,105.43333333333334
24,9,0,FALSE,FALSE,FALSE,0,1,100
25,9,11.4,FALSE,FALSE,FALSE,0,1,103.8
26,9,8.1,FALSE,FALSE,FALSE,0,1,102.7
27,9,15,FALSE,TRUE,TRUE,113,0,42.666666666666664
28,9,20.4,FALSE,TRUE,TRUE,5.300000000000001,0,8.566666666666666
29,9,16.3,FALSE,TRUE,TRUE,179.7,0,65.33333333333333
30,9,8.3,FALSE,FALSE,FALSE,0,1,102.76666666666667
1,10,24.6,FALSE,TRUE,TRUE,60.4,0,28.333333333333332
2,10,18.8,FALSE,TRUE,TRUE,50.2,0,23
3,10,14.8,FALSE,FALSE,FALSE,0,1,104.93333333333334
4,10,14,FALSE,FALSE,FALSE,0,1,104.66666666666667
5,10,18.8,FALSE,TRUE,TRUE,0,0.5266666666666652,58.93333333333318
6,10,21.6,FALSE,TRUE,TRUE,5.699999999999999,0,9.1
7,10,15.1,FALSE,FALSE,FALSE,0,1,105.03333333333333
8,10,21.6,FALSE,TRUE,TRUE,11.2,0,10.933333333333332
9,10,15.4,FALSE,FALSE,FALSE,0,1,105.13333333333333
11,10,15.3,FALSE,FALSE,FALSE,0,1,105.1
12,10,15.3,FALSE,FALSE,FALSE,0,1,105.1
13,10,18.8,FALSE,FALSE,FALSE,0,1,106.26666666666667
14,10,18.3,FALSE,FALSE,FALSE,0,1,106.1
15,10,18.4,FALSE,FALSE,FALSE,0,1,106.13333333333333
16,10,17.8,FALSE,TRUE,TRUE,9.6,0,9.133333333333333
17,10,15.4,FALSE,FALSE,FALSE,0,1,105.13333333333333
18,10,19.2,FALSE,FALSE,FALSE,0,1,106.4
19,10,18.3,FALSE,FALSE,FALSE,0,1,106.1
20,10,11.1,FALSE,FALSE,FALSE,0,1,103.7
21,10,8.1,FALSE,TRUE,FALSE,0,0.6700000000000007,69.70000000000007
22,10,10.2,FALSE,FALSE,FALSE,0,1,103.4
23,10,15.3,FALSE,FALSE,FALSE,0,1,105.1
24,10,8.1,FALSE,FALSE,FALSE,0,1,102.7
25,10,8.8,FALSE,FALSE,FALSE,0,1,102.93333333333334
26,10,10.2,FALSE,FALSE,FALSE,0,1,103.4
27,10,15.4,FALSE,TRUE,TRUE,0,0.44666666666666593,49.799999999999926
28,10,21.1,FALSE,FALSE,FALSE,0,1,107.03333333333333
29,10,15.3,FALSE,TRUE,TRUE,39.7,0,18.333333333333332
30,10,11.1,FALSE,FALSE,FALSE,0,1,103.7
1,11,22.9,FALSE,TRUE,TRUE,342.1,0,121.66666666666666
2,11,20.3,FALSE,TRUE,TRUE,328.7,0,116.33333333333333
3,11,16.4,FALSE,FALSE,FALSE,0,1,105.46666666666667
4,11,15.6,FALSE,TRUE,FALSE,0,0.5533333333333341,60.53333333333342
5,11,20.3,FALSE,TRUE,TRUE,247.7,0,89.33333333333333
6,11,19.8,FALSE,TRUE,TRUE,278.2,0,99.33333333333333
7,11,13.6,FALSE,TRUE,TRUE,209.4,0,74.33333333333333
8,11,19.8,FALSE,TRUE,TRUE,289.2,0,103
9,11,13.7,FALSE,TRUE,TRUE,95.3,0,36.33333333333333
10,11,14.2,FALSE,TRUE,TRUE,236.8,0,83.66666666666666
12,11,13.6,FALSE,TRUE,TRUE,67.4,0,27
13,11,20.3,FALSE,FALSE,FALSE,0,1,106.76666666666667
14,11,16.6,FALSE,TRUE,TRUE,10.2,0,8.933333333333334
15,11,16.6,FALSE,FALSE,FALSE,0,1,105.53333333333333
16,11,19.3,FALSE,TRUE,TRUE,282.7,0,100.66666666666666
17,11,13.7,FALSE,FALSE,FALSE,0,1,104.56666666666666
18,11,17.5,FALSE,FALSE,FALSE,0,1,105.83333333333333
19,11,16.6,FALSE,TRUE,TRUE,120.4,0,45.666666666666664
20,11,12.6,FALSE,TRUE,TRUE,184.4,0,65.66666666666666
21,11,14.4,FALSE,TRUE,TRUE,238.6,0,84.33333333333333
22,11,11.9,FALSE,TRUE,TRUE,231.1,0,81
23,11,13.6,FALSE,FALSE,FALSE,0,1,104.53333333333333
24,11,14.4,FALSE,FALSE,FALSE,0,1,104.8
25,11,9.5,FALSE,FALSE,FALSE,0,1,103.16666666666667
26,11,11.9,FALSE,TRUE,TRUE,13.55,0,8.483333333333334
27,11,13.7,FALSE,TRUE,TRUE,253.3,0,89
28,11,19.4,FALSE,TRUE,TRUE,135.6,0,51.666666666666664
29,11,13.6,FALSE,TRUE,TRUE,321.4,0,111.66666666666666
30,11,13.2,FALSE,FALSE,FALSE,0,1,104.4
1,12,18.7,FALSE,TRUE,TRUE,240.3,0,86.33333333333333
2,12,5.9,FALSE,TRUE,TRUE,237.1,0,81
3,12,1.8,FALSE,FALSE,FALSE,0,1,100.6
4,12,0,FALSE,FALSE,FALSE,0,1,100
5,12,5.9,FALSE,TRUE,TRUE,156.1,0,54
6,12,14.9,FALSE,TRUE,TRUE,177.1,0,64
7,12,7.9,FALSE,TRUE,TRUE,109.1,0,39
8,12,14.9,FALSE,TRUE,TRUE,188.1,0,67.66666666666666
9,12,9.5,FALSE,TRUE,TRUE,4.25,0,4.583333333333333
10,12,8.4,FALSE,TRUE,TRUE,136.6,0,48.33333333333333
11,12,10.8,FALSE,FALSE,FALSE,0,1,103.6
13,12,5.9,FALSE,FALSE,FALSE,0,1,101.96666666666667
14,12,11.5,FALSE,FALSE,FALSE,0,1,103.83333333333333
15,12,14.1,FALSE,FALSE,FALSE,0,1,104.7
16,12,6.1,FALSE,TRUE,TRUE,189.9,0,65.33333333333333
17,12,9.5,FALSE,FALSE,FALSE,0,1,103.16666666666667
18,12,15.2,FALSE,FALSE,FALSE,0,1,105.06666666666666
19,12,11.5,FALSE,TRUE,TRUE,19.5,0,10.333333333333332
20,12,5.4,FALSE,TRUE,TRUE,85.6,0,30.333333333333332
21,12,11.3,FALSE,TRUE,TRUE,135.7,0,49
22,12,4.6,FALSE,TRUE,TRUE,132.4,0,45.666666666666664
23,12,10.8,FALSE,FALSE,FALSE,0,1,103.6
24,12,11.3,FALSE,FALSE,FALSE,0,1,103.76666666666667
25,12,9.3,FALSE,FALSE,FALSE,0,1,103.1
26,12,4.6,FALSE,FALSE,FALSE,0,1,101.53333333333333
27,12,9.5,FALSE,TRUE,TRUE,151.5,0,53.666666666666664
28,12,10.4,FALSE,TRUE,TRUE,38.6,0,16.333333333333332
29,12,10.8,FALSE,TRUE,TRUE,218.2,0,76.33333333333333
30,12,5,FALSE,FALSE,FALSE,0,1,101.66666666666667
1,13,0,FALSE,TRUE,TRUE,747,0,249
2,13,18.9,FALSE,TRUE,TRUE,712.1,0,243.66666666666666
3,13,20.2,FALSE,TRUE,TRUE,207.8,0,76
4,13,19.4,FALSE,TRUE,TRUE,346.6,0,122
5,13,18.9,FALSE,TRUE,TRUE,631.1,0,216.66666666666666
6,13,8.4,FALSE,TRUE,TRUE,671.6,0,226.66666666666666
7,13,14,FALSE,TRUE,TRUE,591,0,201.66666666666666
8,13,8.4,FALSE,TRUE,TRUE,682.6,0,230.33333333333331
9,13,11.6,FALSE,TRUE,TRUE,479.4,0,163.66666666666666
10,13,14.8,FALSE,TRUE,TRUE,618.2,0,211
11,13,12.3,FALSE,TRUE,TRUE,342.7,0,118.33333333333333
12,13,12.3,FALSE,TRUE,TRUE,450.7,0,154.33333333333331
14,13,12,FALSE,TRUE,TRUE,392,0,134.66666666666666
15,13,12.8,FALSE,TRUE,TRUE,37.2,0,16.666666666666664
16,13,18.6,FALSE,TRUE,TRUE,665.4,0,228
17,13,11.6,FALSE,TRUE,TRUE,231.4,0,81
18,13,12.7,FALSE,TRUE,TRUE,217.3,0,76.66666666666666
19,13,12,FALSE,TRUE,TRUE,507,0,173
20,13,16.4,FALSE,TRUE,TRUE,562.6,0,193
21,13,24.9,FALSE,TRUE,TRUE,610.1,0,211.66666666666666
22,13,18.3,FALSE,TRUE,TRUE,606.7,0,208.33333333333331
23,13,12.3,FALSE,TRUE,TRUE,39.7,0,17.333333333333332
24,13,24.9,FALSE,TRUE,TRUE,236.1,0,87
25,13,19.7,FALSE,TRUE,TRUE,224.3,0,81.33333333333333
26,13,18.3,FALSE,TRUE,TRUE,387.7,0,135.33333333333331
27,13,11.6,FALSE,TRUE,TRUE,637.4,0,216.33333333333331
28,13,18,FALSE,TRUE,TRUE,519,0,179
29,13,12.3,FALSE,TRUE,TRUE,704.7,0,239
30,13,18.6,FALSE,TRUE,TRUE,224.4,0,81
1,14,11.1,FALSE,TRUE,TRUE,308.9,0,106.66666666666666
2,14,12.8,FALSE,TRUE,TRUE,291.2,0,101.33333333333333
3,14,10.3,FALSE,FALSE,FALSE,0,1,103.43333333333334
4,14,9.5,FALSE,FALSE,FALSE,0,1,103.16666666666667
5,14,12.8,FALSE,TRUE,TRUE,210.2,0,74.33333333333333
6,14,8,FALSE,TRUE,TRUE,245,0,84.33333333333333
7,14,4.1,FALSE,TRUE,TRUE,173.9,0,59.33333333333333
8,14,8,FALSE,TRUE,TRUE,256,0,88
9,14,0,FALSE,TRUE,TRUE,64,0,21.333333333333332
10,14,5,FALSE,TRUE,TRUE,201,0,68.66666666666666
11,14,3.7,FALSE,FALSE,FALSE,0,1,101.23333333333333
12,14,3.7,FALSE,TRUE,TRUE,32.3,0,12
13,14,12.8,FALSE,FALSE,FALSE,0,1,104.26666666666667
15,14,7.5,FALSE,FALSE,FALSE,0,1,102.5
16,14,12.6,FALSE,TRUE,TRUE,244.4,0,85.66666666666666
17,14,0,FALSE,FALSE,FALSE,0,1,100
18,14,7.5,FALSE,FALSE,FALSE,0,1,102.5
19,14,7.7,FALSE,TRUE,TRUE,84.3,0,30.666666666666664
20,14,6.5,FALSE,TRUE,TRUE,145.5,0,50.666666666666664
21,14,15,FALSE,TRUE,TRUE,193,0,69.33333333333333
22,14,8.4,FALSE,TRUE,TRUE,189.6,0,66
23,14,3.7,FALSE,FALSE,FALSE,0,1,101.23333333333333
24,14,15,FALSE,FALSE,FALSE,0,1,105
25,14,9.8,FALSE,FALSE,FALSE,0,1,103.26666666666667
26,14,8.4,FALSE,FALSE,FALSE,0,0.47999999999999926,50.799999999999926
27,14,0,FALSE,TRUE,TRUE,222,0,74
28,14,10.5,FALSE,TRUE,TRUE,99.5,0,36.666666666666664
29,14,3.7,FALSE,TRUE,TRUE,286.3,0,96.66666666666666
30,14,8.7,FALSE,FALSE,FALSE,0,1,102.9
1,15,11,FALSE,TRUE,TRUE,666,0,225.66666666666666
2,15,12.8,FALSE,TRUE,TRUE,648.2,0,220.33333333333331
3,15,11,FALSE,TRUE,TRUE,147,0,52.666666666666664
4,15,10.2,FALSE,TRUE,TRUE,285.8,0,98.66666666666666
5,15,12.8,FALSE,TRUE,TRUE,567.2,0,193.33333333333331
6,15,8,FALSE,TRUE,TRUE,602,0,203.33333333333331
7,15,3.9,FALSE,TRUE,TRUE,531.1,0,178.33333333333331
8,15,8,FALSE,TRUE,TRUE,613,0,207
9,15,4,FALSE,TRUE,TRUE,417,0,140.33333333333331
10,15,4.5,FALSE,TRUE,TRUE,558.5,0,187.66666666666666
11,15,0,FALSE,TRUE,TRUE,285,0,95
12,15,0,FALSE,TRUE,TRUE,393,0,131
13,15,12.8,FALSE,FALSE,FALSE,0,1,104.26666666666667
14,15,7.7,FALSE,TRUE,TRUE,326.3,0,111.33333333333333
16,15,12.5,FALSE,TRUE,TRUE,601.5,0,204.66666666666666
17,15,4,FALSE,TRUE,TRUE,169,0,57.666666666666664
18,15,7.5,FALSE,TRUE,TRUE,152.5,0,53.33333333333333
19,15,7.7,FALSE,TRUE,TRUE,441.3,0,149.66666666666666
20,15,7.2,FALSE,TRUE,TRUE,501.8,0,169.66666666666666
21,15,15.7,FALSE,TRUE,TRUE,549.3,0,188.33333333333331
22,15,9.1,FALSE,TRUE,TRUE,545.9,0,185
23,15,0,FALSE,TRUE,FALSE,0,0.1,10
24,15,15.7,FALSE,TRUE,TRUE,175.3,0,63.666666666666664
25,15,9.1,FALSE,TRUE,TRUE,164.9,0,58
26,15,9.1,FALSE,TRUE,TRUE,326.9,0,112
27,15,4,FALSE,TRUE,TRUE,575,0,193
28,15,10.5,FALSE,TRUE,TRUE,456.5,0,155.66666666666666
29,15,0,FALSE,TRUE,TRUE,647,0,215.66666666666666
30,15,9.4,FALSE,TRUE,TRUE,163.6,0,57.666666666666664
1,16,18.1,FALSE,TRUE,TRUE,25.9,0,14.666666666666666
2,16,0,FALSE,TRUE,TRUE,28,0,9.333333333333332
3,16,5.7,FALSE,FALSE,FALSE,0,1,101.9
4,16,6,FALSE,FALSE,FALSE,0,1,102
5,16,0,FALSE,FALSE,FALSE,0,1,100
6,16,13.1,FALSE,TRUE,FALSE,0,0.7033333333333341,74.70000000000007
7,16,12.8,FALSE,FALSE,FALSE,0,1,104.26666666666667
8,16,13.1,FALSE,TRUE,TRUE,0,0.33666666666666745,38.03333333333341
9,16,12.7,FALSE,FALSE,FALSE,0,1,104.23333333333333
10,16,13.5,FALSE,FALSE,FALSE,0,1,104.5
11,16,13.5,FALSE,FALSE,FALSE,0,1,104.5
12,16,13.5,FALSE,FALSE,FALSE,0,1,104.5
13,16,0,FALSE,FALSE,FALSE,0,1,100
14,16,8.8,FALSE,FALSE,FALSE,0,1,102.93333333333334
15,16,16.1,FALSE,FALSE,FALSE,0,1,105.36666666666667
17,16,12.7,FALSE,FALSE,FALSE,0,1,104.23333333333333
18,16,16,FALSE,FALSE,FALSE,0,1,105.33333333333333
19,16,8.8,FALSE,FALSE,FALSE,0,1,102.93333333333334
20,16,10,FALSE,FALSE,FALSE,0,1,103.33333333333333
21,16,16.4,FALSE,FALSE,FALSE,0,1,105.46666666666667
22,16,9.7,FALSE,FALSE,FALSE,0,1,103.23333333333333
23,16,13.5,FALSE,FALSE,FALSE,0,1,104.5
24,16,16.4,FALSE,FALSE,FALSE,0,1,105.46666666666667
25,16,13.9,FALSE,FALSE,FALSE,0,1,104.63333333333333
26,16,9.7,FALSE,FALSE,FALSE,0,1,103.23333333333333
27,16,12.7,FALSE,FALSE,FALSE,0,1,104.23333333333333
28,16,7.7,FALSE,FALSE,FALSE,0,1,102.56666666666666
29,16,13.5,FALSE,TRUE,TRUE,7.75,0,7.083333333333333
30,16,10.1,FALSE,FALSE,FALSE,0,1,103.36666666666666
1,17,24.3,FALSE,TRUE,TRUE,449.7,0,158
2,17,16.4,FALSE,TRUE,TRUE,441.6,0,152.66666666666666
3,17,12.3,FALSE,FALSE,FALSE,0,1,104.1
4,17,11.5,FALSE,TRUE,TRUE,81.5,0,31
5,17,16.4,FALSE,TRUE,TRUE,360.6,0,125.66666666666666
6,17,21.2,FALSE,TRUE,TRUE,385.8,0,135.66666666666666
7,17,13.5,FALSE,TRUE,TRUE,318.5,0,110.66666666666666
8,17,21.2,FALSE,TRUE,TRUE,396.8,0,139.33333333333331
9,17,15,FALSE,TRUE,TRUE,203,0,72.66666666666666
10,17,14,FALSE,TRUE,TRUE,346,0,120
11,17,16.3,FALSE,TRUE,TRUE,65.7,0,27.333333333333332
12,17,16.3,FALSE,TRUE,TRUE,173.7,0,63.33333333333333
13,17,16.4,FALSE,FALSE,FALSE,0,1,105.46666666666667
14,17,19.2,FALSE,TRUE,TRUE,111.8,0,43.666666666666664
15,17,19.7,FALSE,FALSE,FALSE,0,1,106.56666666666666
16,17,16.6,FALSE,TRUE,TRUE,394.4,0,137
18,17,20.7,FALSE,FALSE,FALSE,0,1,106.9
19,17,19.2,FALSE,TRUE,TRUE,226.8,0,82
20,17,10.6,FALSE,TRUE,TRUE,295.4,0,102
21,17,0,FALSE,TRUE,TRUE,362,0,120.66666666666666
22,17,8.1,FALSE,TRUE,TRUE,343.9,0,117.33333333333333
23,17,16.3,FALSE,FALSE,FALSE,0,1,105.43333333333334
24,17,0,FALSE,TRUE,TRUE,1.5,0,0.5
25,17,11.4,FALSE,FALSE,FALSE,0,0.8466666666666659,88.46666666666658
26,17,8.1,FALSE,TRUE,TRUE,124.9,0,44.33333333333333
27,17,15,FALSE,TRUE,TRUE,361,0,125.33333333333333
28,17,20.4,FALSE,TRUE,TRUE,243.6,0,88
29,17,16.3,FALSE,TRUE,TRUE,427.7,0,148
30,17,8.3,FALSE,FALSE,FALSE,0,0.7766666666666652,80.43333333333318
1,18,15.8,FALSE,TRUE,TRUE,474.2,0,163.33333333333331
2,18,9.9,FALSE,TRUE,TRUE,464.1,0,158
3,18,6.4,FALSE,FALSE,FALSE,0,0.6799999999999993,70.13333333333327
4,18,5.6,FALSE,TRUE,TRUE,103.4,0,36.33333333333333
5,18,9.9,FALSE,TRUE,TRUE,383.1,0,131
6,18,12.7,FALSE,TRUE,TRUE,410.3,0,141
7,18,5,FALSE,TRUE,TRUE,343,0,116
8,18,12.7,FALSE,TRUE,TRUE,421.3,0,144.66666666666666
9,18,6.6,FALSE,TRUE,TRUE,227.4,0,78
10,18,4.4,FALSE,TRUE,TRUE,371.6,0,125.33333333333333
11,18,7.8,FALSE,TRUE,TRUE,90.2,0,32.666666666666664
12,18,7.8,FALSE,TRUE,TRUE,198.2,0,68.66666666666666
13,18,9.9,FALSE,FALSE,FALSE,0,1,103.3
14,18,10.7,FALSE,TRUE,TRUE,136.3,0,49
15,18,11.2,FALSE,FALSE,FALSE,0,1,103.73333333333333
16,18,8.9,FALSE,TRUE,TRUE,418.1,0,142.33333333333331
17,18,6.6,FALSE,TRUE,TRUE,0,0.18666666666666742,20.86666666666674
19,18,10.7,FALSE,TRUE,TRUE,251.3,0,87.33333333333333
20,18,0,FALSE,TRUE,TRUE,322,0,107.33333333333333
21,18,10.8,FALSE,TRUE,TRUE,367.2,0,126
22,18,3.5,FALSE,TRUE,TRUE,364.5,0,122.66666666666666
23,18,7.8,FALSE,FALSE,FALSE,0,1,102.6
24,18,10.8,FALSE,TRUE,TRUE,4.1,0,4.966666666666667
25,18,6.1,FALSE,TRUE,TRUE,0,0.13666666666666744,15.700000000000077
26,18,3.5,FALSE,TRUE,TRUE,145.5,0,49.666666666666664
27,18,6.6,FALSE,TRUE,TRUE,385.4,0,130.66666666666666
28,18,13.1,FALSE,TRUE,TRUE,266.9,0,93.33333333333333
29,18,7.8,FALSE,TRUE,TRUE,452.2,0,153.33333333333331
30,18,4.5,FALSE,TRUE,TRUE,0,0.11666666666666667,13.166666666666666
1,19,17.7,FALSE,TRUE,TRUE,189.3,0,69
2,19,7.6,FALSE,TRUE,TRUE,183.4,0,63.666666666666664
3,19,10.1,FALSE,FALSE,FALSE,0,1,103.36666666666666
4,19,10.4,FALSE,FALSE,FALSE,0,1,103.46666666666667
5,19,7.6,FALSE,TRUE,TRUE,102.4,0,36.666666666666664
6,19,12.7,FALSE,TRUE,TRUE,127.3,0,46.666666666666664
7,19,10.6,FALSE,TRUE,TRUE,54.4,0,21.666666666666664
8,19,12.7,FALSE,TRUE,TRUE,138.3,0,50.33333333333333
9,19,10.4,FALSE,FALSE,FALSE,0,1,103.46666666666667
10,19,11.2,FALSE,TRUE,TRUE,81.8,0,31
11,19,11.2,FALSE,FALSE,FALSE,0,1,103.73333333333333
12,19,11.2,FALSE,FALSE,FALSE,0,1,103.73333333333333
13,19,7.6,FALSE,FALSE,FALSE,0,1,102.53333333333333
14,19,7.6,FALSE,FALSE,FALSE,0,1,102.53333333333333
15,19,14.6,FALSE,FALSE,FALSE,0,1,104.86666666666666
16,19,7.4,FALSE,TRUE,TRUE,136.6,0,48
17,19,10.4,FALSE,FALSE,FALSE,0,1,103.46666666666667
18,19,15.7,FALSE,FALSE,FALSE,0,1,105.23333333333333
20,19,12.9,FALSE,TRUE,TRUE,26.1,0,13
21,19,20.3,FALSE,TRUE,TRUE,74.7,0,31.666666666666664
22,19,14.1,FALSE,TRUE,TRUE,70.9,0,28.333333333333332
23,19,11.2,FALSE,FALSE,FALSE,0,1,103.73333333333333
24,19,20.3,FALSE,FALSE,FALSE,0,1,106.76666666666667
25,19,15.2,FALSE,FALSE,FALSE,0,1,105.06666666666666
26,19,14.1,FALSE,FALSE,FALSE,0,1,104.7
27,19,10.4,FALSE,TRUE,TRUE,98.6,0,36.33333333333333
28,19,0,FALSE,TRUE,TRUE,6,0,2
29,19,11.2,FALSE,TRUE,TRUE,165.8,0,59
30,19,14.5,FALSE,FALSE,FALSE,0,1,104.83333333333333
1,20,11,FALSE,TRUE,TRUE,135,0,48.666666666666664
2,20,12.8,FALSE,TRUE,TRUE,117.2,0,43.33333333333333
3,20,11,FALSE,FALSE,FALSE,0,1,103.66666666666667
4,20,10.2,FALSE,FALSE,FALSE,0,1,103.4
5,20,12.8,FALSE,TRUE,TRUE,36.2,0,16.333333333333332
6,20,8,FALSE,TRUE,TRUE,71,0,26.333333333333332
7,20,3.9,FALSE,TRUE,TRUE,7.55,0,3.8166666666666664
8,20,8,FALSE,TRUE,TRUE,82,0,30
9,20,4,FALSE,FALSE,FALSE,0,1,101.33333333333333
10,20,4.5,FALSE,TRUE,TRUE,27.5,0,10.666666666666666
11,20,0,FALSE,FALSE,FALSE,0,1,100
12,20,0,FALSE,FALSE,FALSE,0,1,100
13,20,12.8,FALSE,FALSE,FALSE,0,1,104.26666666666667
14,20,7.7,FALSE,FALSE,FALSE,0,1,102.56666666666666
15,20,4.6,FALSE,FALSE,FALSE,0,1,101.53333333333333
16,20,12.5,FALSE,TRUE,TRUE,70.5,0,27.666666666666664
17,20,4,FALSE,FALSE,FALSE,0,1,101.33333333333333
18,20,7.5,FALSE,FALSE,FALSE,0,1,102.5
19,20,7.7,FALSE,FALSE,FALSE,0,1,102.56666666666666
21,20,15.7,FALSE,TRUE,TRUE,18.3,0,11.333333333333332
22,20,9.1,FALSE,TRUE,TRUE,14.95,0,8.016666666666666
23,20,0,FALSE,FALSE,FALSE,0,1,100
24,20,15.7,FALSE,FALSE,FALSE,0,1,105.23333333333333
25,20,9.1,FALSE,FALSE,FALSE,0,1,103.03333333333333
26,20,9.1,FALSE,FALSE,FALSE,0,1,103.03333333333333
27,20,4,FALSE,TRUE,TRUE,44,0,16
28,20,10.5,FALSE,FALSE,FALSE,0,1,103.5
29,20,0,FALSE,TRUE,TRUE,116,0,38.666666666666664
30,20,9.4,FALSE,FALSE,FALSE,0,1,103.13333333333334
1,21,7.4,FALSE,TRUE,TRUE,65.6,0,24.333333333333332
2,21,15,FALSE,TRUE,TRUE,42,0,19
3,21,17.5,FALSE,FALSE,FALSE,0,1,105.83333333333333
4,21,17.7,FALSE,FALSE,FALSE,0,1,105.9
5,21,15,FALSE,FALSE,FALSE,0,0.8,85
6,21,7,FALSE,TRUE,TRUE,7,0,4.666666666666666
7,21,14.2,FALSE,FALSE,FALSE,0,1,104.73333333333333
8,21,7,FALSE,TRUE,TRUE,12.5,0,6.5
9,21,11.9,FALSE,FALSE,FALSE,0,1,103.96666666666667
10,21,15.1,FALSE,FALSE,FALSE,0,1,105.03333333333333
11,21,12.6,FALSE,FALSE,FALSE,0,1,104.2
12,21,12.6,FALSE,FALSE,FALSE,0,1,104.2
13,21,15,FALSE,FALSE,FALSE,0,1,105
14,21,8.2,FALSE,FALSE,FALSE,0,1,102.73333333333333
15,21,13,FALSE,FALSE,FALSE,0,1,104.33333333333333
16,21,14.8,FALSE,TRUE,TRUE,5.1,0,6.633333333333333
17,21,11.9,FALSE,FALSE,FALSE,0,1,103.96666666666667
18,21,12.9,FALSE,FALSE,FALSE,0,1,104.3
19,21,8.2,FALSE,FALSE,FALSE,0,1,102.73333333333333
20,21,16.6,FALSE,FALSE,FALSE,0,1,105.53333333333333
22,21,18.5,FALSE,FALSE,FALSE,0,1,106.16666666666667
23,21,12.6,FALSE,FALSE,FALSE,0,1,104.2
24,21,25.1,FALSE,FALSE,FALSE,0,1,108.36666666666667
25,21,19.9,FALSE,FALSE,FALSE,0,1,106.63333333333333
26,21,18.5,FALSE,FALSE,FALSE,0,1,106.16666666666667
27,21,11.9,FALSE,FALSE,FALSE,0,0.7299999999999992,76.96666666666658
28,21,14.1,FALSE,FALSE,FALSE,0,1,104.7
29,21,12.6,FALSE,TRUE,TRUE,30.4,0,14.333333333333332
30,21,18.8,FALSE,FALSE,FALSE,0,1,106.26666666666667
1,22,18.3,FALSE,TRUE,TRUE,87.7,0,35.33333333333333
2,22,10.5,FALSE,TRUE,TRUE,79.5,0,30
3,22,6.4,FALSE,FALSE,FALSE,0,1,102.13333333333334
4,22,5.6,FALSE,FALSE,FALSE,0,1,101.86666666666666
5,22,10.5,FALSE,TRUE,TRUE,6.75,0,5.75
6,22,15.3,FALSE,TRUE,TRUE,23.7,0,13
7,22,7.5,FALSE,FALSE,FALSE,0,0.95,97.5
8,22,15.3,FALSE,TRUE,TRUE,34.7,0,16.666666666666664
9,22,9.1,FALSE,FALSE,FALSE,0,1,103.03333333333333
10,22,7.7,FALSE,TRUE,TRUE,0,0.02333333333333485,4.900000000000151
11,22,10.4,FALSE,FALSE,FALSE,0,1,103.46666666666667
12,22,10.4,FALSE,FALSE,FALSE,0,1,103.46666666666667
13,22,10.5,FALSE,FALSE,FALSE,0,1,103.5
14,22,13.3,FALSE,FALSE,FALSE,0,1,104.43333333333334
15,22,13.8,FALSE,FALSE,FALSE,0,1,104.6
16,22,10.7,FALSE,TRUE,TRUE,32.3,0,14.333333333333332
17,22,9.1,FALSE,FALSE,FALSE,0,1,103.03333333333333
18,22,14.8,FALSE,FALSE,FALSE,0,1,104.93333333333334
19,22,13.3,FALSE,FALSE,FALSE,0,1,104.43333333333334
20,22,4.3,FALSE,FALSE,FALSE,0,1,101.43333333333334
21,22,7,FALSE,TRUE,TRUE,1,0,2.6666666666666665
23,22,10.4,FALSE,FALSE,FALSE,0,1,103.46666666666667
24,22,7,FALSE,FALSE,FALSE,0,1,102.33333333333333
25,22,4.8,FALSE,FALSE,FALSE,0,1,101.6
26,22,1.8,FALSE,FALSE,FALSE,0,1,100.6
27,22,9.1,FALSE,TRUE,TRUE,6.95,0,5.35
28,22,14.9,FALSE,FALSE,FALSE,0,1,104.96666666666667
29,22,10.4,FALSE,TRUE,TRUE,65.6,0,25.333333333333332
30,22,3,FALSE,FALSE,FALSE,0,1,101
1,23,8.5,FALSE,TRUE,TRUE,663.5,0,224
2,23,13.6,FALSE,TRUE,TRUE,642.4,0,218.66666666666666
3,23,15.8,FALSE,TRUE,TRUE,137.2,0,51
4,23,15,FALSE,TRUE,TRUE,276,0,97
5,23,13.6,FALSE,TRUE,TRUE,561.4,0,191.66666666666666
6,23,0,FALSE,TRUE,TRUE,605,0,201.66666666666666
7,23,10.6,FALSE,TRUE,TRUE,519.4,0,176.66666666666666
8,23,0,FALSE,TRUE,TRUE,616,0,205.33333333333331
9,23,8.2,FALSE,TRUE,TRUE,407.8,0,138.66666666666666
10,23,11.4,FALSE,TRUE,TRUE,546.6,0,186
11,23,8.9,FALSE,TRUE,TRUE,271.1,0,93.33333333333333
12,23,8.9,FALSE,TRUE,TRUE,379.1,0,129.33333333333331
13,23,13.6,FALSE,FALSE,FALSE,0,1,104.53333333333333
14,23,6.8,FALSE,TRUE,TRUE,322.2,0,109.66666666666666
15,23,9.3,FALSE,FALSE,FALSE,0,0.6433333333333319,67.43333333333318
16,23,13.4,FALSE,TRUE,TRUE,595.6,0,203
17,23,8.2,FALSE,TRUE,TRUE,159.8,0,56
18,23,9.2,FALSE,TRUE,TRUE,145.8,0,51.666666666666664
19,23,6.8,FALSE,TRUE,TRUE,437.2,0,148
20,23,12.9,FALSE,TRUE,TRUE,491.1,0,168
21,23,21.4,FALSE,TRUE,TRUE,538.6,0,186.66666666666666
22,23,14.8,FALSE,TRUE,TRUE,535.2,0,183.33333333333331
24,23,21.4,FALSE,TRUE,TRUE,164.6,0,62
25,23,16.2,FALSE,TRUE,TRUE,152.8,0,56.33333333333333
26,23,14.8,FALSE,TRUE,TRUE,316.2,0,110.33333333333333
27,23,8.2,FALSE,TRUE,TRUE,565.8,0,191.33333333333331
28,23,12.8,FALSE,TRUE,TRUE,449.2,0,154
29,23,8.9,FALSE,TRUE,TRUE,633.1,0,214
30,23,15.1,FALSE,TRUE,TRUE,152.9,0,56
1,24,11,FALSE,TRUE,TRUE,444,0,151.66666666666666
2,24,12.8,FALSE,TRUE,TRUE,426.2,0,146.33333333333331
3,24,11,FALSE,FALSE,FALSE,0,1,103.66666666666667
4,24,10.2,FALSE,TRUE,TRUE,63.8,0,24.666666666666664
5,24,12.8,FALSE,TRUE,TRUE,345.2,0,119.33333333333333
6,24,8,FALSE,TRUE,TRUE,380,0,129.33333333333331
7,24,3.9,FALSE,TRUE,TRUE,309.1,0,104.33333333333333
8,24,8,FALSE,TRUE,TRUE,391,0,133
9,24,4,FALSE,TRUE,TRUE,195,0,66.33333333333333
10,24,4.5,FALSE,TRUE,TRUE,336.5,0,113.66666666666666
11,24,0,FALSE,TRUE,TRUE,63,0,21
12,24,0,FALSE,TRUE,TRUE,171,0,57
13,24,12.8,FALSE,FALSE,FALSE,0,1,104.26666666666667
14,24,7.7,FALSE,TRUE,TRUE,104.3,0,37.33333333333333
15,24,4.6,FALSE,FALSE,FALSE,0,1,101.53333333333333
16,24,12.5,FALSE,TRUE,TRUE,379.5,0,130.66666666666666
17,24,4,FALSE,FALSE,FALSE,0,1,101.33333333333333
18,24,7.5,FALSE,FALSE,FALSE,0,1,102.5
19,24,7.7,FALSE,TRUE,TRUE,219.3,0,75.66666666666666
20,24,7.2,FALSE,TRUE,TRUE,279.8,0,95.66666666666666
21,24,15.7,FALSE,TRUE,TRUE,327.3,0,114.33333333333333
22,24,9.1,FALSE,TRUE,TRUE,323.9,0,111
23,24,0,FALSE,FALSE,FALSE,0,1,100
25,24,9.1,FALSE,FALSE,FALSE,0,1,103.03333333333333
26,24,9.1,FALSE,TRUE,TRUE,104.9,0,38
27,24,4,FALSE,TRUE,TRUE,353,0,119
28,24,10.5,FALSE,TRUE,TRUE,234.5,0,81.66666666666666
29,24,0,FALSE,TRUE,TRUE,425,0,141.66666666666666
30,24,9.4,FALSE,FALSE,FALSE,0,1,103.13333333333334
1,25,19.6,FALSE,TRUE,TRUE,466.4,0,162
2,25,12.6,FALSE,TRUE,TRUE,457.4,0,156.66666666666666
3,25,9.3,FALSE,FALSE,FALSE,0,0.9099999999999985,94.09999999999984
4,25,8.5,FALSE,TRUE,TRUE,96.5,0,35
5,25,12.6,FALSE,TRUE,TRUE,376.4,0,129.66666666666666
6,25,16.6,FALSE,TRUE,TRUE,402.4,0,139.66666666666666
7,25,8.8,FALSE,TRUE,TRUE,335.2,0,114.66666666666666
8,25,16.6,FALSE,TRUE,TRUE,413.4,0,143.33333333333331
9,25,10.4,FALSE,TRUE,TRUE,219.6,0,76.66666666666666
10,25,8.2,FALSE,TRUE,TRUE,363.8,0,124
11,25,11.7,FALSE,TRUE,TRUE,82.3,0,31.333333333333332
12,25,11.7,FALSE,TRUE,TRUE,190.3,0,67.33333333333333
13,25,12.6,FALSE,FALSE,FALSE,0,1,104.2
14,25,14.6,FALSE,TRUE,TRUE,128.4,0,47.666666666666664
15,25,13.9,FALSE,FALSE,FALSE,0,1,104.63333333333333
16,25,11.6,FALSE,TRUE,TRUE,411.4,0,141
17,25,10.4,FALSE,TRUE,FALSE,0,0.44666666666666593,48.13333333333326
18,25,14.7,FALSE,FALSE,FALSE,0,1,104.9
19,25,14.6,FALSE,TRUE,TRUE,243.4,0,86
20,25,4.8,FALSE,TRUE,TRUE,313.2,0,106
21,25,10.8,FALSE,TRUE,TRUE,363.2,0,124.66666666666666
22,25,4.9,FALSE,TRUE,TRUE,359.1,0,121.33333333333333
23,25,11.7,FALSE,FALSE,FALSE,0,1,103.9
24,25,10.8,FALSE,TRUE,TRUE,2.0999999999999996,0,4.3
26,25,4.9,FALSE,TRUE,TRUE,140.1,0,48.33333333333333
27,25,10.4,FALSE,TRUE,TRUE,377.6,0,129.33333333333331
28,25,15.7,FALSE,TRUE,TRUE,260.3,0,92
29,25,11.7,FALSE,TRUE,TRUE,444.3,0,152
30,25,6.2,FALSE,TRUE,FALSE,0,0.3066666666666682,32.73333333333349
1,26,18.3,FALSE,TRUE,TRUE,306.7,0,108.33333333333333
2,26,10.5,FALSE,TRUE,TRUE,298.5,0,103
3,26,6.4,FALSE,FALSE,FALSE,0,1,102.13333333333334
4,26,5.6,FALSE,FALSE,FALSE,0,1,101.86666666666666
5,26,10.5,FALSE,TRUE,TRUE,217.5,0,76
6,26,15.3,FALSE,TRUE,TRUE,242.7,0,86
7,26,7.5,FALSE,TRUE,TRUE,175.5,0,61
8,26,15.3,FALSE,TRUE,TRUE,253.7,0,89.66666666666666
9,26,9.1,FALSE,TRUE,TRUE,59.9,0,23
10,26,7.7,FALSE,TRUE,TRUE,203.3,0,70.33333333333333
11,26,10.4,FALSE,FALSE,FALSE,0,1,103.46666666666667
12,26,10.4,FALSE,TRUE,TRUE,30.6,0,13.666666666666666
13,26,10.5,FALSE,FALSE,FALSE,0,1,103.5
14,26,13.3,FALSE,TRUE,FALSE,0,0.5433333333333318,58.76666666666651
15,26,13.8,FALSE,FALSE,FALSE,0,1,104.6
16,26,10.7,FALSE,TRUE,TRUE,251.3,0,87.33333333333333
17,26,9.1,FALSE,FALSE,FALSE,0,1,103.03333333333333
18,26,14.8,FALSE,FALSE,FALSE,0,1,104.93333333333334
19,26,13.3,FALSE,TRUE,TRUE,83.7,0,32.33333333333333
20,26,4.3,FALSE,TRUE,TRUE,152.7,0,52.33333333333333
21,26,7,FALSE,TRUE,TRUE,206,0,71
22,26,1.8,FALSE,TRUE,TRUE,201.2,0,67.66666666666666
23,26,10.4,FALSE,FALSE,FALSE,0,1,103.46666666666667
24,26,7,FALSE,FALSE,FALSE,0,1,102.33333333333333
25,26,4.8,FALSE,FALSE,FALSE,0,1,101.6
27,26,9.1,FALSE,TRUE,TRUE,217.9,0,75.66666666666666
28,26,14.9,FALSE,TRUE,TRUE,100.1,0,38.33333333333333
29,26,10.4,FALSE,TRUE,TRUE,284.6,0,98.33333333333333
30,26,3,FALSE,FALSE,FALSE,0,1,101
1,27,11,FALSE,TRUE,TRUE,69,0,26.666666666666664
2,27,12.8,FALSE,TRUE,TRUE,51.2,0,21.333333333333332
3,27,11,FALSE,FALSE,FALSE,0,1,103.66666666666667
4,27,10.2,FALSE,FALSE,FALSE,0,1,103.4
5,27,12.8,FALSE,TRUE,FALSE,0,0.4933333333333318,53.599999999999845
6,27,8,FALSE,TRUE,TRUE,10,0,6
7,27,3.9,FALSE,FALSE,FALSE,0,1,101.3
8,27,8,FALSE,TRUE,TRUE,16,0,8
9,27,4,FALSE,FALSE,FALSE,0,1,101.33333333333333
10,27,4.5,FALSE,FALSE,FALSE,0,0.7833333333333333,79.83333333333333
11,27,0,FALSE,FALSE,FALSE,0,1,100
12,27,0,FALSE,FALSE,FALSE,0,1,100
13,27,12.8,FALSE,FALSE,FALSE,0,1,104.26666666666667
14,27,7.7,FALSE,FALSE,FALSE,0,1,102.56666666666666
15,27,4.6,FALSE,FALSE,FALSE,0,1,101.53333333333333
16,27,12.5,FALSE,TRUE,TRUE,9.75,0,7.416666666666666
17,27,4,FALSE,FALSE,FALSE,0,1,101.33333333333333
18,27,7.5,FALSE,FALSE,FALSE,0,1,102.5
19,27,7.7,FALSE,FALSE,FALSE,0,1,102.56666666666666
20,27,7.2,FALSE,FALSE,FALSE,0,1,102.4
21,27,15.7,FALSE,TRUE,FALSE,0,1,105.23333333333333
22,27,9.1,FALSE,FALSE,FALSE,0,1,103.03333333333333
23,27,0,FALSE,FALSE,FALSE,0,1,100
24,27,15.7,FALSE,FALSE,FALSE,0,1,105.23333333333333
25,27,9.1,FALSE,FALSE,FALSE,0,1,103.03333333333333
26,27,9.1,FALSE,FALSE,FALSE,0,1,103.03333333333333
28,27,10.5,FALSE,FALSE,FALSE,0,1,103.5
29,27,0,FALSE,TRUE,TRUE,50,0,16.666666666666664
30,27,9.4,FALSE,FALSE,FALSE,0,1,103.13333333333334
1,28,17.5,FALSE,TRUE,TRUE,170.5,0,62.666666666666664
2,28,7.7,FALSE,TRUE,TRUE,164.3,0,57.33333333333333
3,28,10.2,FALSE,FALSE,FALSE,0,1,103.4
4,28,10.4,FALSE,FALSE,FALSE,0,1,103.46666666666667
5,28,7.7,FALSE,TRUE,TRUE,83.3,0,30.333333333333332
6,28,13.2,FALSE,TRUE,TRUE,107.8,0,40.33333333333333
7,28,8.4,FALSE,TRUE,TRUE,37.6,0,15.333333333333332
8,28,13.2,FALSE,TRUE,TRUE,118.8,0,44
9,28,8.3,FALSE,FALSE,FALSE,0,1,102.76666666666667
10,28,9.1,FALSE,TRUE,TRUE,64.9,0,24.666666666666664
11,28,9.1,FALSE,FALSE,FALSE,0,1,103.03333333333333
12,28,9.1,FALSE,FALSE,FALSE,0,1,103.03333333333333
13,28,7.7,FALSE,FALSE,FALSE,0,1,102.56666666666666
14,28,0,FALSE,FALSE,FALSE,0,1,100
15,28,12.5,FALSE,FALSE,FALSE,0,1,104.16666666666667
16,28,7.5,FALSE,TRUE,TRUE,117.5,0,41.666666666666664
17,28,8.3,FALSE,FALSE,FALSE,0,1,102.76666666666667
18,28,14,FALSE,FALSE,FALSE,0,1,104.66666666666667
19,28,0,FALSE,FALSE,FALSE,0,0.8333333333333334,83.33333333333334
20,28,10.8,FALSE,TRUE,TRUE,12.1,0,7.633333333333333
21,28,19.3,FALSE,TRUE,TRUE,56.7,0,25.333333333333332
22,28,12.7,FALSE,TRUE,TRUE,53.3,0,22
23,28,9.1,FALSE,FALSE,FALSE,0,1,103.03333333333333
24,28,19.3,FALSE,FALSE,FALSE,0,1,106.43333333333334
25,28,13,FALSE,FALSE,FALSE,0,1,104.33333333333333
26,28,12.7,FALSE,FALSE,FALSE,0,1,104.23333333333333
27,28,8.3,FALSE,TRUE,TRUE,81.7,0,30
29,28,9.1,FALSE,TRUE,TRUE,148.9,0,52.666666666666664
30,28,13,FALSE,FALSE,FALSE,0,1,104.33333333333333
1,29,19.7,FALSE,TRUE,TRUE,0,0.023333333333332953,8.899999999999961
2,29,5.6,FALSE,TRUE,TRUE,0,0.08666666666666742,10.53333333333341
3,29,0,FALSE,FALSE,FALSE,0,1,100
4,29,1.9,FALSE,FALSE,FALSE,0,1,100.63333333333334
5,29,5.6,FALSE,FALSE,FALSE,0,1,101.86666666666666
6,29,15.5,FALSE,FALSE,FALSE,0,1,105.16666666666667
7,29,8.9,FALSE,FALSE,FALSE,0,1,102.96666666666667
8,29,15.5,FALSE,FALSE,FALSE,0,1,105.16666666666667
9,29,10.4,FALSE,FALSE,FALSE,0,1,103.46666666666667
10,29,9.4,FALSE,FALSE,FALSE,0,1,103.13333333333334
11,29,11.7,FALSE,FALSE,FALSE,0,1,103.9
12,29,11.7,FALSE,FALSE,FALSE,0,1,103.9
13,29,5.6,FALSE,FALSE,FALSE,0,1,101.86666666666666
14,29,11.2,FALSE,FALSE,FALSE,0,1,103.73333333333333
15,29,15.1,FALSE,FALSE,FALSE,0,1,105.03333333333333
16,29,5.8,FALSE,FALSE,FALSE,0,1,101.93333333333334
17,29,10.4,FALSE,FALSE,FALSE,0,1,103.46666666666667
18,29,16.1,FALSE,FALSE,FALSE,0,1,105.36666666666667
19,29,11.2,FALSE,FALSE,FALSE,0,1,103.73333333333333
20,29,6.4,FALSE,FALSE,FALSE,0,1,102.13333333333334
21,29,12.3,FALSE,FALSE,FALSE,0,1,104.1
22,29,5.6,FALSE,FALSE,FALSE,0,1,101.86666666666666
23,29,11.7,FALSE,FALSE,FALSE,0,1,103.9
24,29,12.3,FALSE,FALSE,FALSE,0,1,104.1
25,29,10.3,FALSE,FALSE,FALSE,0,1,103.43333333333334
26,29,5.6,FALSE,FALSE,FALSE,0,1,101.86666666666666
27,29,10.4,FALSE,FALSE,FALSE,0,1,103.46666666666667
28,29,10.1,FALSE,FALSE,FALSE,0,1,103.36666666666666
30,29,6,FALSE,FALSE,FALSE,0,1,102
1,30,13.6,FALSE,TRUE,TRUE,460.4,0,158
2,30,18.4,FALSE,TRUE,TRUE,439.6,0,152.66666666666666
3,30,16.6,FALSE,FALSE,FALSE,0,1,105.53333333333333
4,30,15.8,FALSE,TRUE,TRUE,77.2,0,31
5,30,18.4,FALSE,TRUE,TRUE,358.6,0,125.66666666666666
6,30,10.5,FALSE,TRUE,TRUE,396.5,0,135.66666666666666
7,30,9.5,FALSE,TRUE,TRUE,322.5,0,110.66666666666666
8,30,10.5,FALSE,TRUE,TRUE,407.5,0,139.33333333333331
9,30,9.1,FALSE,TRUE,TRUE,208.9,0,72.66666666666666
10,30,9.6,FALSE,TRUE,TRUE,350.4,0,120
11,30,6.6,FALSE,TRUE,TRUE,75.4,0,27.333333333333332
12,30,6.6,FALSE,TRUE,TRUE,183.4,0,63.33333333333333
13,30,18.4,FALSE,FALSE,FALSE,0,1,106.13333333333333
14,30,12.1,FALSE,TRUE,TRUE,118.9,0,43.666666666666664
15,30,3.3,FALSE,FALSE,FALSE,0,1,101.1
16,30,18.1,FALSE,TRUE,TRUE,392.9,0,137
17,30,9.1,FALSE,TRUE,FALSE,0,0.8033333333333341,83.36666666666675
18,30,6.5,FALSE,FALSE,FALSE,0,1,102.16666666666667
19,30,12.1,FALSE,TRUE,TRUE,233.9,0,82
20,30,12.8,FALSE,TRUE,TRUE,293.2,0,102
21,30,19.3,FALSE,TRUE,TRUE,342.7,0,120.66666666666666
22,30,14.7,FALSE,TRUE,TRUE,337.3,0,117.33333333333333
23,30,6.6,FALSE,FALSE,FALSE,0,1,102.2
24,30,19.3,FALSE,TRUE,TRUE,0,0.5433333333333318,60.76666666666651
25,30,11,FALSE,FALSE,FALSE,0,0.8333333333333334,87.00000000000001
26,30,14.7,FALSE,TRUE,TRUE,118.3,0,44.33333333333333
27,30,9.1,FALSE,TRUE,TRUE,366.9,0,125.33333333333333
28,30,16.1,FALSE,TRUE,TRUE,247.9,0,88
29,30,6.6,FALSE,TRUE,TRUE,437.4,0,148
